order_id,line_item_id,created_at,updated_at,title,quantity,sku,product_id,product_type,variant_id,variant_sku,variant_price,original_total,discounted_total,discount_codes,discount_amounts
#477303,gid://shopify/LineItem/16023140532323,2025-04-17 01:19:52,2025-04-17 14:32:43,Enlightenment 2mm Metal Accent Healing Necklace,1,2HLN006,gid://shopify/Product/7755202723939,Necklace,gid://shopify/ProductVariant/43247725052003,2HLN006,39.99,49.64,49.64,02HLJB5C,5.13
#477304,gid://shopify/LineItem/16023143481443,2025-04-17 01:22:08,2025-04-17 01:22:17,Master Healer 2mm Metal Accent Healing Necklace,1,23001,gid://shopify/Product/6900513046627,Necklace,gid://shopify/ProductVariant/40300103139427,23001,39.99,39.99,39.99,WELCOME20,7.99
#477305,gid://shopify/LineItem/16023156490339,2025-04-17 01:24:46,2025-04-17 14:39:48,Black Adventure Cargo Pants,1,80105C-S,gid://shopify/Product/7706531168355,Pants,gid://shopify/ProductVariant/43052888719459,80105C-S,52.99,52.99,52.99,cart20,10.6
#477305,gid://shopify/LineItem/16023156523107,2025-04-17 01:24:46,2025-04-17 14:39:48,Espresso Adventure Cargo Pants,1,80176C-S,gid://shopify/Product/7650414264419,Pants,gid://shopify/ProductVariant/42825731113059,80176C-S,47.69,47.69,47.69,cart20,9.54
#477305,gid://shopify/LineItem/16023156555875,2025-04-17 01:24:46,2025-04-17 14:39:48,Slate Vinyasa Tank,1,55194CL-S,gid://shopify/Product/7489766293603,Tops,gid://shopify/ProductVariant/42093383254115,55194CL-S,34.99,34.99,34.99,cart20,6.99
#477306,gid://shopify/LineItem/16023194042467,2025-04-17 01:34:37,2025-04-17 14:39:49,Mystic Plum Harem Pants,1,90209-PKT-TAL-S,gid://shopify/Product/7669329428579,Pants,gid://shopify/ProductVariant/43270155305059,90209-PKT-TAL-S,39.99,39.99,39.99,sms20,7.99
#477306,gid://shopify/LineItem/16023194075235,2025-04-17 01:34:37,2025-04-17 14:39:49,Como Harem Pants,1,90116-PKT-TAL-S,gid://shopify/Product/7576418254947,Pants,gid://shopify/ProductVariant/42558396727395,90116-PKT-TAL-S,39.99,39.99,39.99,sms20,7.99
#477307,gid://shopify/LineItem/16023198204003,2025-04-17 01:36:37,2025-04-17 14:39:46,Lahu Tribal Print Harem Pants,1,90179-PKT-PET-S,gid://shopify/Product/7214157791331,Pants,gid://shopify/ProductVariant/41372055896163,90179-PKT-PET-S,39.99,39.99,39.99,WELCOME20,7.99
#477307,gid://shopify/LineItem/16023198236771,2025-04-17 01:36:37,2025-04-17 14:39:46,Pearl Cropped Yin Scoop Neck Top,1,54106CL-S,gid://shopify/Product/7179150196835,Tops,gid://shopify/ProductVariant/41283029139555,54106CL-S,39.99,39.99,39.99,WELCOME20,7.99
#477307,gid://shopify/LineItem/16023198269539,2025-04-17 01:36:37,2025-04-17 14:39:46,Navy Blue Cropped Yin Scoop Neck Top,1,54193CL-S,gid://shopify/Product/7489766326371,Tops,gid://shopify/ProductVariant/42093383352419,54193CL-S,32.99,32.99,32.99,WELCOME20,6.59
#477307,gid://shopify/LineItem/16023198302307,2025-04-17 01:36:37,2025-04-17 14:39:46,Denim Blue Tribal Harem Pants,1,90240-PKT-PET-S,gid://shopify/Product/7715654729827,Pants,gid://shopify/ProductVariant/43085313671267,90240-PKT-PET-S,39.99,39.99,39.99,WELCOME20,7.99
#477308,gid://shopify/LineItem/16023200333923,2025-04-17 01:37:39,2025-04-17 14:39:45,Midnight Lotus Moon Harem Pants,1,90229-PKT-M,gid://shopify/Product/7748279926883,Pants,gid://shopify/ProductVariant/43220823507043,90229-PKT-M,39.99,39.99,39.99,,
#477308,gid://shopify/LineItem/16023200366691,2025-04-17 01:37:39,2025-04-17 14:39:45,Lahu Tribal Print Harem Pants,1,90179-PKT-M,gid://shopify/Product/7214157791331,Pants,gid://shopify/ProductVariant/41372056027235,90179-PKT-M,39.99,39.99,39.99,,
#477309,gid://shopify/LineItem/16023226253411,2025-04-17 01:42:34,2025-04-17 02:45:02,Mystic Plum Lounge Set,1,ASETS-90209-PKT-S-50209-02,gid://shopify/Product/7724898517091,Lounge Set,gid://shopify/ProductVariant/43126115631203,ASETS-90209-PKT-S-50209-02,79.99,79.99,79.99,WELCOME20,15.99
#477310,gid://shopify/LineItem/16023227924579,2025-04-17 01:44:10,2025-04-17 01:44:18,Mystery Harem Pants,1,MYST-HAR-M,gid://shopify/Product/6667793727587,Pants,gid://shopify/ProductVariant/41829911494755,MYST-HAR-M,22.22,22.22,22.22,FB-EMAIL-MALU38YO,4.45
#477311,gid://shopify/LineItem/16023229333603,2025-04-17 01:44:57,2025-04-17 01:45:07,Midnight Lotus Moon Lounge Set,1,ASETS-90229-PKT-L-50229-02,gid://shopify/Product/7767634346083,Lounge Set,gid://shopify/ProductVariant/43294817124451,ASETS-90229-PKT-L-50229-02,79.99,79.99,79.99,,
#477312,gid://shopify/LineItem/16023230480483,2025-04-17 01:45:25,2025-04-17 01:45:35,Mystery Harem Pants,1,MYST-HAR-PET-S,gid://shopify/Product/6667793727587,Pants,gid://shopify/ProductVariant/42786175909987,MYST-HAR-PET-S,22.22,22.22,22.22,,
#477313,gid://shopify/LineItem/16023237820515,2025-04-17 01:48:21,2025-04-17 01:48:29,Mystery Harem Pants,1,MYST-HAR-PET-M,gid://shopify/Product/6667793727587,Pants,gid://shopify/ProductVariant/42786175942755,MYST-HAR-PET-M,22.22,22.22,22.22,,
#477314,gid://shopify/LineItem/16023265542243,2025-04-17 01:53:56,2025-04-17 01:54:04,Pacific Cotton Shorts,1,93129CSM,gid://shopify/Product/6828461523043,Shorts,gid://shopify/ProductVariant/40042537877603,93129CSM,34.99,34.99,34.99,cart20,6.99
#477315,gid://shopify/LineItem/16023266295907,2025-04-17 01:54:24,2025-04-17 01:54:34,Mystic Plum Harem Pants,1,90209-PKT-L,gid://shopify/Product/7669329428579,Pants,gid://shopify/ProductVariant/42906131857507,90209-PKT-L,39.99,39.99,39.99,OKR9-P9DT5-WWYH,10.0
#477316,gid://shopify/LineItem/16023294804067,2025-04-17 02:01:21,2025-04-17 02:01:29,Tobago Harem Pants,1,90202-PKT-L,gid://shopify/Product/7688871313507,Pants,gid://shopify/ProductVariant/42983714685027,90202-PKT-L,35.99,35.99,35.99,,
#477317,gid://shopify/LineItem/16023298343011,2025-04-17 02:03:05,2025-04-17 02:03:16,Mystic Plum Lounge Set,1,ASETS-90209-PKT-PET-S-50209-02,gid://shopify/Product/7724898517091,Lounge Set,gid://shopify/ProductVariant/43126115532899,ASETS-90209-PKT-PET-S-50209-02,79.99,79.99,79.99,WELCOME20,15.99
#477318,gid://shopify/LineItem/16023299686499,2025-04-17 02:03:49,2025-04-17 17:15:12,Stone Shelly Shirt & Sandy Shorts Set,1,ASETS-63125C-M-65125C-M-02,gid://shopify/Product/7734635331683,Lounge Set,gid://shopify/ProductVariant/43175578894435,ASETS-63125C-M-65125C-M-02,84.98,84.98,84.98,sms20,16.99
#477318,gid://shopify/LineItem/16023299719267,2025-04-17 02:03:49,2025-04-17 17:15:12,Sage Baja Pullover + Shorts Set,1,ASETS-88147C-M-93147C-SM-02,gid://shopify/Product/7126160080995,Lounge Set,gid://shopify/ProductVariant/41082854703203,ASETS-88147C-M-93147C-SM-02,84.99,84.99,84.99,sms20,16.99
#477318,gid://shopify/LineItem/16023299752035,2025-04-17 02:03:49,2025-04-17 17:15:12,Mystery Healing Bracelet,1,MYST-HLG-BRA,gid://shopify/Product/6704969711715,Bracelet,gid://shopify/ProductVariant/40267192959075,MYST-HLG-BRA,11.11,11.11,11.11,,
#477318,gid://shopify/LineItem/16023299784803,2025-04-17 02:03:49,2025-04-17 17:15:12,Cream Baja Pullover,1,88119C-M,gid://shopify/Product/6926110130275,Tops,gid://shopify/ProductVariant/40388549771363,88119C-M,49.99,49.99,49.99,sms20,9.99
#477319,gid://shopify/LineItem/16023310270563,2025-04-17 02:10:39,2025-04-17 02:10:48,Mystery Healing Bracelet,1,MYST-HLG-BRA,gid://shopify/Product/6704969711715,Bracelet,gid://shopify/ProductVariant/40267192959075,MYST-HLG-BRA,11.11,11.11,11.11,2OWJ2XQ0,1.57
#477319,gid://shopify/LineItem/16023310303331,2025-04-17 02:10:39,2025-04-17 02:10:48,Spiritual Healer Healing 2mm Anklet,1,104HLA-S24-03,gid://shopify/Product/7129809911907,Anklet,gid://shopify/ProductVariant/41097406906467,104HLA-S24-03,30.0,30.0,30.0,2OWJ2XQ0,4.22
#477319,gid://shopify/LineItem/16023310336099,2025-04-17 02:10:39,2025-04-17 02:10:48,Master Healer 2mm Layered Healing Bracelet,1,42001,gid://shopify/Product/6903339384931,Bracelet,gid://shopify/ProductVariant/40311143268451,42001,29.99,29.99,29.99,2OWJ2XQ0,4.21
#477320,gid://shopify/LineItem/16023315382371,2025-04-17 02:13:38,2025-04-17 02:13:46,Master Healer Dewdrop + Circles in the Sand Necklace Stack,1,NST-DDN46-SLV18-MH48-03,gid://shopify/Product/6799882584163,Necklace Stack,gid://shopify/ProductVariant/42994130288739,NST-DDN46-SLV18-MH48-03,50.39,50.39,50.39,WELCOME20,10.07
#477321,gid://shopify/LineItem/16023317839971,2025-04-17 02:15:27,2025-04-17 14:39:40,Echo Beach Kimono,1,50173,gid://shopify/Product/7180573180003,Kimono,gid://shopify/ProductVariant/41288497791075,50173,38.25,38.25,38.25,WELCOME20,7.65
#477321,gid://shopify/LineItem/16023317872739,2025-04-17 02:15:27,2025-04-17 14:39:40,Sage Cotton Shorts,1,93147CLXL,gid://shopify/Product/6926098890851,Shorts,gid://shopify/ProductVariant/40388518936675,93147CLXL,34.99,34.99,34.99,WELCOME20,6.99
#477322,gid://shopify/LineItem/16023319281763,2025-04-17 02:17:03,2025-04-17 14:39:36,Akha Tribal Print Harem Pants,1,90178-PKT-L,gid://shopify/Product/7213114753123,Pants,gid://shopify/ProductVariant/41367015030883,90178-PKT-L,39.99,39.99,39.99,sms20,7.99
#477322,gid://shopify/LineItem/16023319314531,2025-04-17 02:17:03,2025-04-17 14:39:36,Akha Tribal Print Harem Pants,1,90178-PKT-S,gid://shopify/Product/7213114753123,Pants,gid://shopify/ProductVariant/41367014965347,90178-PKT-S,39.99,39.99,39.99,sms20,7.99
#477323,gid://shopify/LineItem/16023320232035,2025-04-17 02:17:44,2025-04-17 02:17:51,Baja Harem Pants,1,90104-PKT-S,gid://shopify/Product/6633433694307,Pants,gid://shopify/ProductVariant/40628288815203,90104-PKT-S,39.99,39.99,39.99,sms20,7.99
#477324,gid://shopify/LineItem/16023335501923,2025-04-17 02:25:51,2025-04-17 02:25:59,Peace + Love 2mm Layered Healing Bracelet,1,420HLB-S24-07,gid://shopify/Product/7185164533859,Bracelet,gid://shopify/ProductVariant/41300071186531,420HLB-S24-07,29.99,29.99,29.99,OP5APV5I,1.67
#477324,gid://shopify/LineItem/16023335534691,2025-04-17 02:25:51,2025-04-17 02:25:59,Growth & Inspiration 2mm Layered Healing Bracelet,1,2HLB002,gid://shopify/Product/7600331391075,Bracelet,gid://shopify/ProductVariant/42640211050595,2HLB002,29.99,29.99,29.99,OP5APV5I,1.67
#477324,gid://shopify/LineItem/16023335567459,2025-04-17 02:25:51,2025-04-17 02:25:59,Master Healer 2mm Layered Healing Bracelet,1,42001,gid://shopify/Product/6903339384931,Bracelet,gid://shopify/ProductVariant/40311143268451,42001,29.99,29.99,29.99,OP5APV5I,1.66
#477325,gid://shopify/LineItem/16023339794531,2025-04-17 02:28:54,2025-04-17 02:30:40,Seaside Spice Nomad Jumpsuit,1,81196C-ADJ-PET-L,gid://shopify/Product/7600332046435,Romper,gid://shopify/ProductVariant/42640212164707,81196C-ADJ-PET-L,46.99,46.99,46.99,,
#477326,gid://shopify/LineItem/16023349624931,2025-04-17 02:33:05,2025-04-17 03:35:01,Sahara Harem Pants,1,90112-PKT-PET-S,gid://shopify/Product/6695196950627,Pants,gid://shopify/ProductVariant/41621841084515,90112-PKT-PET-S,39.99,39.99,39.99,7M9AMXK4,10.0
#477327,gid://shopify/LineItem/16023353032803,2025-04-17 02:35:27,2025-04-17 02:35:36,Cosmic Dreamer 4mm Healing Necklace,1,4HLN005,gid://shopify/Product/7707945631843,Necklace,gid://shopify/ProductVariant/43058075304035,4HLN005,32.99,32.99,32.99,WELCOME20,6.59
#477327,gid://shopify/LineItem/16023353065571,2025-04-17 02:35:27,2025-04-17 02:35:36,Celestial Healer 4mm Healing Necklace,1,4HLN003,gid://shopify/Product/7707945566307,Necklace,gid://shopify/ProductVariant/43058075238499,4HLN003,32.99,32.99,32.99,WELCOME20,6.59
#477328,gid://shopify/LineItem/16023356440675,2025-04-17 02:38:41,2025-04-17 02:38:50,Celestial Grey Harem Pants,1,90210-PKT-PET-S,gid://shopify/Product/7669330739299,Pants,gid://shopify/ProductVariant/42906145325155,90210-PKT-PET-S,39.99,39.99,39.99,,
#477329,gid://shopify/LineItem/16023368073315,2025-04-17 02:46:30,2025-04-17 03:50:04,Dusty Rose Lotus Moon Harem Pants,1,90242-PKT-L,gid://shopify/Product/7748714659939,Pants,gid://shopify/ProductVariant/43223142137955,90242-PKT-L,39.99,39.99,39.99,WELCOME20,7.99
#477330,gid://shopify/LineItem/16023373480035,2025-04-17 02:50:38,2025-04-17 14:39:37,Bright Coral Boardwalk Romper,1,96159C-ADJ-S,gid://shopify/Product/7715675078755,Romper,gid://shopify/ProductVariant/43085404962915,96159C-ADJ-S,49.99,49.99,49.99,CY4LOFPT,9.44
#477330,gid://shopify/LineItem/16023373512803,2025-04-17 02:50:38,2025-04-17 14:39:37,Bright Coral Cruisin Crop Top,1,86159C,gid://shopify/Product/7180590481507,Tops,gid://shopify/ProductVariant/41288548712547,86159C,23.99,23.99,23.99,CY4LOFPT,4.53
#477330,gid://shopify/LineItem/16023373545571,2025-04-17 02:50:38,2025-04-17 14:39:37,Denim Blue Tribal Shorts,1,93240,gid://shopify/Product/7729890984035,Shorts,gid://shopify/ProductVariant/43161175654499,93240,32.0,32.0,32.0,CY4LOFPT,6.03
#477331,gid://shopify/LineItem/16023405723747,2025-04-17 03:13:35,2025-04-17 03:13:45,Master Manifestor 2mm Metal Accent Healing Necklace,1,2HLN001,gid://shopify/Product/7600331030627,Necklace,gid://shopify/ProductVariant/42640210198627,2HLN001,39.99,39.99,39.99,,
#477331,gid://shopify/LineItem/16023405756515,2025-04-17 03:13:35,2025-04-17 03:13:45,Good Fortune + Growth 2mm Metal Accent Healing Necklace,1,230HLN-S24-02,gid://shopify/Product/7129790480483,Necklace,gid://shopify/ProductVariant/41097243754595,230HLN-S24-02,39.99,39.99,39.99,,
#477332,gid://shopify/LineItem/16023413817443,2025-04-17 03:21:09,2025-04-17 03:21:20,Mystic Plum Lounge Set,1,ASETS-90209-PKT-M-50209-02,gid://shopify/Product/7724898517091,Lounge Set,gid://shopify/ProductVariant/43126115663971,ASETS-90209-PKT-M-50209-02,79.99,79.99,79.99,WELCOME20,15.99
#477333,gid://shopify/LineItem/16023421452387,2025-04-17 03:26:47,2025-04-17 03:26:53,Nosara Harem Pants,1,90181-PKT-S,gid://shopify/Product/7489766391907,Pants,gid://shopify/ProductVariant/42093383843939,90181-PKT-S,39.99,39.99,39.99,,
#477334,gid://shopify/LineItem/16023431938147,2025-04-17 03:37:44,2025-04-17 03:37:53,Mystery Harem Pants,1,MYST-HAR-PET-M,gid://shopify/Product/6667793727587,Pants,gid://shopify/ProductVariant/42786175942755,MYST-HAR-PET-M,22.22,22.22,22.22,,
#477335,gid://shopify/LineItem/16023435935843,2025-04-17 03:40:10,2025-04-17 03:42:04,Dark Forest Harem Pants,1,90233-PKT-M,gid://shopify/Product/7726191607907,Pants,gid://shopify/ProductVariant/43135038914659,90233-PKT-M,39.99,39.99,39.99,,
#477336,gid://shopify/LineItem/16023437705315,2025-04-17 03:41:25,2025-04-17 03:43:05,Mystic Plum Harem Pants,1,90209-PKT-PET-M,gid://shopify/Product/7669329428579,Pants,gid://shopify/ProductVariant/42906131726435,90209-PKT-PET-M,39.99,39.99,39.99,,
#477337,gid://shopify/LineItem/16023449337955,2025-04-17 03:52:23,2025-04-17 14:39:42,Vinca Harem Pants,1,90167-PKT-PET-M,gid://shopify/Product/7124164509795,Pants,gid://shopify/ProductVariant/41427665813603,90167-PKT-PET-M,39.99,39.99,39.99,,
#477337,gid://shopify/LineItem/16023449370723,2025-04-17 03:52:23,2025-04-17 14:39:42,Fiji Harem Pants,1,90199-PKT-PET-M,gid://shopify/Product/7688870297699,Pants,gid://shopify/ProductVariant/42983687749731,90199-PKT-PET-M,34.99,34.99,34.99,,
#477338,gid://shopify/LineItem/16023455957091,2025-04-17 03:57:15,2025-04-17 03:58:58,Playa Mia Harem Pants,1,90197-PKT-PET-M,gid://shopify/Product/7688869675107,Pants,gid://shopify/ProductVariant/42983682572387,90197-PKT-PET-M,32.99,32.99,32.99,,
#477339,gid://shopify/LineItem/16023471128675,2025-04-17 04:06:46,2025-04-17 14:39:36,Seaside Spice Wide Leg Cotton Pants,1,91196C-L,gid://shopify/Product/7592508588131,Pants,gid://shopify/ProductVariant/42608337092707,91196C-L,49.99,49.99,49.99,,
#477339,gid://shopify/LineItem/16023471161443,2025-04-17 04:06:46,2025-04-17 14:39:36,Espresso Wide Leg Cotton Pants,1,91176C-L,gid://shopify/Product/7689320300643,Pants,gid://shopify/ProductVariant/42986348773475,91176C-L,54.99,54.99,54.99,,
#477340,gid://shopify/LineItem/16023484072035,2025-04-17 04:15:04,2025-04-17 14:37:38,Lunar Sky Cotton Daydreamer Top,1,52223C,gid://shopify/Product/7729856512099,Tops,gid://shopify/ProductVariant/43161083314275,52223C,36.99,36.99,36.99,WELCOME20,7.39
#477340,gid://shopify/LineItem/16023484104803,2025-04-17 04:15:04,2025-04-17 14:37:38,Divine Healer Healing 4mm Necklace,1,21076,gid://shopify/Product/6945825161315,Necklace,gid://shopify/ProductVariant/41457651515491,21076,32.99,32.99,32.99,WELCOME20,6.59
#477340,gid://shopify/LineItem/16023484137571,2025-04-17 04:15:04,2025-04-17 14:37:38,Fiji Harem Pants,1,90199-PKT-PET-L,gid://shopify/Product/7688870297699,Pants,gid://shopify/ProductVariant/42983687782499,90199-PKT-PET-L,34.99,34.99,34.99,WELCOME20,6.99
#477341,gid://shopify/LineItem/16023503896675,2025-04-17 04:19:36,2025-04-17 14:39:43,Pearl Vinyasa Tank,1,55106CL-M,gid://shopify/Product/7179088068707,Tops,gid://shopify/ProductVariant/41282936832099,55106CL-M,49.99,49.99,49.99,,
#477341,gid://shopify/LineItem/16023503929443,2025-04-17 04:19:36,2025-04-17 14:39:43,Mystic Plum Harem Pants,1,90209-PKT-M,gid://shopify/Product/7669329428579,Pants,gid://shopify/ProductVariant/42906131824739,90209-PKT-M,39.99,39.99,39.99,,
#477341,gid://shopify/LineItem/16023503962211,2025-04-17 04:19:36,2025-04-17 14:39:43,Mystic Plum Kimono,1,50209,gid://shopify/Product/7724901072995,Kimono,gid://shopify/ProductVariant/43126127198307,50209,45.0,45.0,45.0,,
#477342,gid://shopify/LineItem/16023523885155,2025-04-17 04:34:13,2025-04-17 04:34:22,Peacemaker 2mm Metal Accent Healing Necklace,1,2HLN003,gid://shopify/Product/7707945435235,Necklace,gid://shopify/ProductVariant/43058075107427,2HLN003,39.99,39.99,39.99,,
#477343,gid://shopify/LineItem/16023531880547,2025-04-17 04:39:47,2025-04-17 14:39:37,Mystery Harem Pants,1,MYST-HAR-TAL-L,gid://shopify/Product/6667793727587,Pants,gid://shopify/ProductVariant/42994426118243,MYST-HAR-TAL-L,22.22,22.22,22.22,,
#477343,gid://shopify/LineItem/16023531913315,2025-04-17 04:39:47,2025-04-17 14:39:37,Seaside Spice Nomad Jumpsuit,1,81196C-ADJ-L,gid://shopify/Product/7600332046435,Romper,gid://shopify/ProductVariant/42640212263011,81196C-ADJ-L,46.99,46.99,46.99,,
#477344,gid://shopify/LineItem/16023535681635,2025-04-17 04:42:38,2025-04-17 04:42:46,Mystery Harem Pants,1,MYST-HAR-S,gid://shopify/Product/6667793727587,Pants,gid://shopify/ProductVariant/41829911461987,MYST-HAR-S,22.22,22.22,22.22,,
#477345,gid://shopify/LineItem/16023637524579,2025-04-17 05:09:39,2025-04-17 14:39:40,Como Harem Pants,1,90116-PKT-XL,gid://shopify/Product/7576418254947,Pants,gid://shopify/ProductVariant/42558396694627,90116-PKT-XL,39.99,39.99,39.99,sms20,7.99
#477345,gid://shopify/LineItem/16023637557347,2025-04-17 05:09:39,2025-04-17 14:39:40,Moon Shadow Kimono,1,50165,gid://shopify/Product/7139144564835,Kimono,gid://shopify/ProductVariant/41130351853667,50165,45.0,45.0,45.0,sms20,9.0
#477346,gid://shopify/LineItem/16023638638691,2025-04-17 05:11:33,2025-04-17 05:11:59,Dusty Rose Lotus Moon Harem Pants,1,90242-PKT-PET-M,gid://shopify/Product/7748714659939,Pants,gid://shopify/ProductVariant/43223142006883,90242-PKT-PET-M,39.99,39.99,39.99,,
#477347,gid://shopify/LineItem/16023640440931,2025-04-17 05:14:20,2025-04-17 14:39:39,Deep Teal Harem Pants,1,90120-PKT-TAL-L,gid://shopify/Product/6873234079843,Pants,gid://shopify/ProductVariant/41621864677475,90120-PKT-TAL-L,39.99,39.99,39.99,,
#477347,gid://shopify/LineItem/16023640473699,2025-04-17 05:14:20,2025-04-17 14:39:39,Sahara Harem Pants,1,90112-PKT-TAL-L,gid://shopify/Product/6695196950627,Pants,gid://shopify/ProductVariant/41621841215587,90112-PKT-TAL-L,39.99,39.99,39.99,,
#477347,gid://shopify/LineItem/16023640932451,2025-04-17 05:14:20,2025-04-17 14:39:39,Mystery Harem Pants,1,MYST-HAR-TAL-L,gid://shopify/Product/6667793727587,Pants,gid://shopify/ProductVariant/42994426118243,MYST-HAR-TAL-L,22.22,22.22,22.22,,
#477348,gid://shopify/LineItem/16023716397155,2025-04-17 06:05:19,2025-04-17 06:07:08,Master Healer 4mm Healing Necklace,1,21078-EL,gid://shopify/Product/4704192397411,Necklace,gid://shopify/ProductVariant/43192713576547,21078-EL,42.99,42.99,42.99,,
#477349,gid://shopify/LineItem/16023767908451,2025-04-17 06:40:43,2025-04-17 14:39:42,Navy Blue Full Length Yin Scoop Neck Top,1,58193CL-M,gid://shopify/Product/7670310568035,Tops,gid://shopify/ProductVariant/42911269126243,58193CL-M,27.99,27.99,27.99,,
#477349,gid://shopify/LineItem/16023767941219,2025-04-17 06:40:43,2025-04-17 14:39:42,Pampa Point Harem Pants,1,90139-PKT-M,gid://shopify/Product/7566058782819,Pants,gid://shopify/ProductVariant/42518567616611,90139-PKT-M,36.99,36.99,36.99,,
#477350,gid://shopify/LineItem/16023768236131,2025-04-17 06:41:42,2025-04-17 06:41:51,Master Healer 2mm Metal Accent Healing Anklet,1,10498,gid://shopify/Product/6921115992163,Anklet,gid://shopify/ProductVariant/40371755941987,10498,30.0,30.0,30.0,L2IT19W4,10.0
#477351,gid://shopify/LineItem/16023809523811,2025-04-17 07:19:02,2025-04-17 07:19:19,Black Oasis Crop Top,1,82105-S,gid://shopify/Product/7157908537443,Tops,gid://shopify/ProductVariant/41208768135267,82105-S,9.99,9.99,9.99,WELCOME20,1.99
#477351,gid://shopify/LineItem/16023809556579,2025-04-17 07:19:02,2025-04-17 07:19:19,Rainforest Harem Pants,1,90188-PKT-M,gid://shopify/Product/7604687765603,Pants,gid://shopify/ProductVariant/42654009557091,90188-PKT-M,39.99,39.99,39.99,WELCOME20,7.99
#477352,gid://shopify/LineItem/16023836459107,2025-04-17 07:46:38,2025-04-17 07:46:56,Black Cotton Cabana Pants,1,98105C-PCKT-PET-M,gid://shopify/Product/6945826275427,Pants,gid://shopify/ProductVariant/42002208850019,98105C-PCKT-PET-M,54.99,54.99,54.99,sms20,10.99
#477352,gid://shopify/LineItem/16023836491875,2025-04-17 07:46:38,2025-04-17 07:46:56,Espresso Wide Leg Cotton Pants,1,91176C-M,gid://shopify/Product/7689320300643,Pants,gid://shopify/ProductVariant/42986348740707,91176C-M,54.99,54.99,54.99,sms20,10.99
#477352,gid://shopify/LineItem/16023836524643,2025-04-17 07:46:38,2025-04-17 07:46:56,Black Cotton Cabana Shorts,1,83105C-M,gid://shopify/Product/7160078303331,Shorts,gid://shopify/ProductVariant/41217711046755,83105C-M,34.99,34.99,34.99,sms20,6.99
#477353,gid://shopify/LineItem/16023914872931,2025-04-17 09:40:42,2025-04-17 09:42:34,Master Healer 3mm Healing Necklace,1,3HLN006,gid://shopify/Product/7621375754339,Necklace,gid://shopify/ProductVariant/42717099360355,3HLN006,36.99,36.99,36.99,,
#477354,gid://shopify/LineItem/16023917363299,2025-04-17 09:42:33,2025-04-17 09:42:42,Storm Cotton Shorts,1,93217CSM,gid://shopify/Product/7729835311203,Shorts,gid://shopify/ProductVariant/43161035407459,93217CSM,34.99,34.99,34.99,,
#477354,gid://shopify/LineItem/16023917396067,2025-04-17 09:42:33,2025-04-17 09:42:42,Dark Forest Harem Pants,1,90233-PKT-M,gid://shopify/Product/7726191607907,Pants,gid://shopify/ProductVariant/43135038914659,90233-PKT-M,39.99,39.99,39.99,,
#477355,gid://shopify/LineItem/16023947411555,2025-04-17 10:17:15,2025-04-17 10:17:44,Moon Shadow Harem Pants,1,90165-PKT-PET-L,gid://shopify/Product/7075020406883,Pants,gid://shopify/ProductVariant/40937731162211,90165-PKT-PET-L,39.99,39.99,39.99,,
#477355,gid://shopify/LineItem/16023947444323,2025-04-17 10:17:15,2025-04-17 10:17:44,Baja Harem Pants,1,90104-PKT-PET-L,gid://shopify/Product/6633433694307,Pants,gid://shopify/ProductVariant/41457172119651,90104-PKT-PET-L,39.99,39.99,39.99,,
#477355,gid://shopify/LineItem/16023947477091,2025-04-17 10:17:15,2025-04-17 10:17:44,Havana Harem Pants,1,90077-PKT-PET-L,gid://shopify/Product/7751451050083,Pants,gid://shopify/ProductVariant/43233121337443,90077-PKT-PET-L,39.99,39.99,39.99,,
#477355,gid://shopify/LineItem/16023948066915,2025-04-17 10:17:15,2025-04-17 10:17:44,Mystery Harem Pants,1,MYST-HAR-PET-L,gid://shopify/Product/6667793727587,Pants,gid://shopify/ProductVariant/42786175975523,MYST-HAR-PET-L,22.22,22.22,22.22,,
#477356,gid://shopify/LineItem/16023958945891,2025-04-17 10:30:11,2025-04-17 10:30:18,Master Healer 2mm Metal Accent Healing Anklet,1,10499,gid://shopify/Product/6921115992163,Anklet,gid://shopify/ProductVariant/40371755974755,10499,30.0,30.0,30.0,sms20,6.0
#477357,gid://shopify/LineItem/16023989911651,2025-04-17 11:01:34,2025-04-17 11:01:43,Mystery Harem Pants,1,MYST-HAR-TAL-S,gid://shopify/Product/6667793727587,Pants,gid://shopify/ProductVariant/42994426085475,MYST-HAR-TAL-S,22.22,22.22,22.22,,
#477358,gid://shopify/LineItem/16023999283299,2025-04-17 11:09:35,2025-04-17 12:10:01,Nosara Harem Pants,1,90181-PKT-TAL-M,gid://shopify/Product/7489766391907,Pants,gid://shopify/ProductVariant/43085414727779,90181-PKT-TAL-M,39.99,39.99,39.99,,
#477358,gid://shopify/LineItem/16023999316067,2025-04-17 11:09:35,2025-04-17 12:10:01,Havana Harem Pants,1,90077-PKT-TAL-L,gid://shopify/Product/7751451050083,Pants,gid://shopify/ProductVariant/43233124188259,90077-PKT-TAL-L,39.99,39.99,39.99,,
#477359,gid://shopify/LineItem/16024007376995,2025-04-17 11:18:13,2025-04-17 11:20:04,Como Harem Pants,1,90116-PKT-PET-S,gid://shopify/Product/7576418254947,Pants,gid://shopify/ProductVariant/42558396498019,90116-PKT-PET-S,39.99,39.99,39.99,,
#477359,gid://shopify/LineItem/16024007409763,2025-04-17 11:18:13,2025-04-17 11:20:04,Navy Blue Full Length Yin Scoop Neck Top,1,58193CL-S,gid://shopify/Product/7670310568035,Tops,gid://shopify/ProductVariant/42911269093475,58193CL-S,27.99,27.99,27.99,,
#477360,gid://shopify/LineItem/16024008589411,2025-04-17 11:20:07,2025-04-17 11:21:57,Canggu Daydreamer Top,1,52131,gid://shopify/Product/7157899100259,Tops,gid://shopify/ProductVariant/41208685789283,52131,36.99,36.99,36.99,,
#477360,gid://shopify/LineItem/16024008622179,2025-04-17 11:20:07,2025-04-17 11:21:57,Pearl Full Length Yin Scoop Neck Top,1,58106CL-M,gid://shopify/Product/7546236043363,Tops,gid://shopify/ProductVariant/42466402599011,58106CL-M,42.99,42.99,42.99,,
#477360,gid://shopify/LineItem/16024008654947,2025-04-17 11:20:07,2025-04-17 11:21:57,Seaside Spice Wide Leg Cotton Pants,1,91196C-PET-SM,gid://shopify/Product/7592508588131,Pants,gid://shopify/ProductVariant/42608336994403,91196C-PET-SM,49.99,49.99,49.99,,
#477361,gid://shopify/LineItem/16024010063971,2025-04-17 11:22:15,2025-04-17 11:22:24,Mystery Harem Pants,1,MYST-HAR-M,gid://shopify/Product/6667793727587,Pants,gid://shopify/ProductVariant/41829911494755,MYST-HAR-M,22.22,22.22,22.22,sunnygirl20,4.45
#477362,gid://shopify/LineItem/16024021991523,2025-04-17 11:33:49,2025-04-17 12:35:00,Akha Tribal Print Harem Pants,1,90178-PKT-PET-S,gid://shopify/Product/7213114753123,Pants,gid://shopify/ProductVariant/41577517842531,90178-PKT-PET-S,39.99,39.99,39.99,,
#477362,gid://shopify/LineItem/16024022024291,2025-04-17 11:33:49,2025-04-17 12:35:00,Onyx Hatha Long Sleeve Top,1,57105CL-S,gid://shopify/Product/7532065063011,Tops,gid://shopify/ProductVariant/42422437183587,57105CL-S,49.99,49.99,49.99,ZEN20,9.99
#477363,gid://shopify/LineItem/16024029298787,2025-04-17 11:40:41,2025-04-17 11:40:50,Master Healer 4mm Metal Accent Healing Necklace,1,210HLN-S24-06,gid://shopify/Product/7200258719843,Necklace,gid://shopify/ProductVariant/41335984717923,210HLN-S24-06,24.99,24.99,24.99,,
#477363,gid://shopify/LineItem/16024029331555,2025-04-17 11:40:41,2025-04-17 11:40:50,"""My Inner Voice is my Guide"" Goddess Necklace",1,22004,gid://shopify/Product/4749776093283,Necklace,gid://shopify/ProductVariant/41457619107939,22004,21.46,21.46,21.46,,
#477364,gid://shopify/LineItem/16024049188963,2025-04-17 11:56:34,2025-04-17 13:00:01,Como Harem Pants,1,90116-PKT-TAL-L,gid://shopify/Product/7576418254947,Pants,gid://shopify/ProductVariant/42558396792931,90116-PKT-TAL-L,39.99,39.99,39.99,,
#477364,gid://shopify/LineItem/16024049221731,2025-04-17 11:56:34,2025-04-17 13:00:01,Black Nomad Jumpsuit,1,81105C-ADJ-M,gid://shopify/Product/7654295273571,Romper,gid://shopify/ProductVariant/42846186733667,81105C-ADJ-M,62.99,62.99,62.99,,
#477364,gid://shopify/LineItem/16024049254499,2025-04-17 11:56:34,2025-04-17 13:00:01,Como Harem Pants,1,90116-PKT-TAL-M,gid://shopify/Product/7576418254947,Pants,gid://shopify/ProductVariant/42558396760163,90116-PKT-TAL-M,39.99,39.99,39.99,,
#477365,gid://shopify/LineItem/16024059674723,2025-04-17 12:05:29,2025-04-17 12:05:46,Sahara Harem Pants,1,90112-PKT-PET-S,gid://shopify/Product/6695196950627,Pants,gid://shopify/ProductVariant/41621841084515,90112-PKT-PET-S,39.99,39.99,39.99,,
#477366,gid://shopify/LineItem/16024079073379,2025-04-17 12:17:02,2025-04-17 12:17:10,Mystery Shorts,2,MYST-SHOLXL-01,gid://shopify/Product/6900507312227,Shorts,gid://shopify/ProductVariant/40300087312483,MYST-SHOLXL-01,22.22,44.44,44.44,,
#477367,gid://shopify/LineItem/16024098242659,2025-04-17 12:26:53,2025-04-17 13:30:01,Sahara Harem Pants,1,90112-PKT-TAL-L,gid://shopify/Product/6695196950627,Pants,gid://shopify/ProductVariant/41621841215587,90112-PKT-TAL-L,39.99,39.99,39.99,,
#477368,gid://shopify/LineItem/16024104534115,2025-04-17 12:29:09,2025-04-17 12:29:22,Inner Peace 3mm Metal Accent Bracelet,1,3HLB015,gid://shopify/Product/7755246862435,Bracelet,gid://shopify/ProductVariant/43247906553955,3HLB015,25.99,25.99,25.99,GRACE,5.2
#477368,gid://shopify/LineItem/16024104566883,2025-04-17 12:29:09,2025-04-17 12:29:22,Vitality 3mm Metal Accent Bracelet,1,3HLB013,gid://shopify/Product/7755244896355,Bracelet,gid://shopify/ProductVariant/43247890727011,3HLB013,25.99,25.99,25.99,GRACE,5.2
#477368,gid://shopify/LineItem/16024104599651,2025-04-17 12:29:09,2025-04-17 12:29:22,Moon Dancer 3mm Metal Accent Bracelet,1,3HLB003,gid://shopify/Product/7600331587683,Bracelet,gid://shopify/ProductVariant/42640211378275,3HLB003,25.99,25.99,25.99,GRACE,5.2
#477368,gid://shopify/LineItem/16024104632419,2025-04-17 12:29:09,2025-04-17 12:29:22,Good Fortune + Growth Healing 2mm Anklet,1,104HLA-S24-04,gid://shopify/Product/7129810829411,Anklet,gid://shopify/ProductVariant/41097409527907,104HLA-S24-04,30.0,30.0,30.0,GRACE,6.0
#477369,gid://shopify/LineItem/16024117248099,2025-04-17 12:37:52,2025-04-17 13:40:01,Baja Harem Pants,1,90104-PKT-XL,gid://shopify/Product/6633433694307,Pants,gid://shopify/ProductVariant/40628288880739,90104-PKT-XL,39.99,39.99,39.99,,
#477370,gid://shopify/LineItem/16024143691875,2025-04-17 12:52:11,2025-04-17 12:52:19,Black Daydreamer Top,1,52105,gid://shopify/Product/7157888581731,Tops,gid://shopify/ProductVariant/41208639815779,52105,36.99,36.99,36.99,,
#477371,gid://shopify/LineItem/16024145461347,2025-04-17 12:53:36,2025-04-17 12:53:43,Baja Harem Pants,1,90104-PKT-S,gid://shopify/Product/6633433694307,Pants,gid://shopify/ProductVariant/40628288815203,90104-PKT-S,39.99,39.99,39.99,,
#477372,gid://shopify/LineItem/16024146018403,2025-04-17 12:54:03,2025-04-17 12:54:22,Mystic Plum Lounge Set,1,ASETS-90209-PKT-L-50209-02,gid://shopify/Product/7724898517091,Lounge Set,gid://shopify/ProductVariant/43126115696739,ASETS-90209-PKT-L-50209-02,79.99,79.99,79.99,WELCOME20,15.99
#477372,gid://shopify/LineItem/16024146051171,2025-04-17 12:54:03,2025-04-17 12:54:22,Santa Barbara Island Harem Pants,1,90053-PKT-L,gid://shopify/Product/7617757708387,Pants,gid://shopify/ProductVariant/42705795874915,90053-PKT-L,32.99,32.99,32.99,WELCOME20,6.59
#477373,gid://shopify/LineItem/16024147525731,2025-04-17 12:54:46,2025-04-17 12:55:07,Mystic Plum Harem Pants,1,90209-PKT-TAL-L,gid://shopify/Product/7669329428579,Pants,gid://shopify/ProductVariant/43270155370595,90209-PKT-TAL-L,39.99,39.99,39.99,WELCOME20,7.99
#477373,gid://shopify/LineItem/16024147558499,2025-04-17 12:54:46,2025-04-17 12:55:07,Black Harem Pants,1,90105-PKT-TAL-L,gid://shopify/Product/6799865839715,Pants,gid://shopify/ProductVariant/41633977958499,90105-PKT-TAL-L,39.99,39.99,39.99,WELCOME20,7.99
#477374,gid://shopify/LineItem/16024174887011,2025-04-17 13:08:40,2025-04-17 14:10:00,Capri Harem Pants,1,90211-PKT-M,gid://shopify/Product/7729866965091,Pants,gid://shopify/ProductVariant/43161104744547,90211-PKT-M,39.99,39.99,39.99,,
#477374,gid://shopify/LineItem/16024174919779,2025-04-17 13:08:40,2025-04-17 14:10:00,Seven Chakras Harem Pants,1,90206-PKT-M,gid://shopify/Product/7670619308131,Pants,gid://shopify/ProductVariant/42913490796643,90206-PKT-M,39.99,39.99,39.99,,
#477375,gid://shopify/LineItem/16024186749027,2025-04-17 13:14:16,2025-04-17 13:16:04,Master Healer 4mm Healing Necklace,1,21073,gid://shopify/Product/4704192397411,Necklace,gid://shopify/ProductVariant/40328087470179,21073,32.99,32.99,32.99,,
#477375,gid://shopify/LineItem/16024186781795,2025-04-17 13:14:16,2025-04-17 13:16:04,Master Healer 4mm Healing Bracelet,1,41031,gid://shopify/Product/4439390978147,Bracelet,gid://shopify/ProductVariant/43175824818275,41031,23.99,23.99,23.99,,
#477376,gid://shopify/LineItem/16024199757923,2025-04-17 13:17:26,2025-04-17 13:17:42,Mystery Harem Pants,1,MYST-HAR-TAL-L,gid://shopify/Product/6667793727587,Pants,gid://shopify/ProductVariant/42994426118243,MYST-HAR-TAL-L,22.22,22.22,22.22,,
#477377,gid://shopify/LineItem/16024211226723,2025-04-17 13:19:04,2025-04-17 13:19:13,Mystery Harem Pants,1,MYST-HAR-M,gid://shopify/Product/6667793727587,Pants,gid://shopify/ProductVariant/41829911494755,MYST-HAR-M,22.22,22.22,22.22,,
#477378,gid://shopify/LineItem/16024258084963,2025-04-17 13:27:30,2025-04-17 13:27:36,Mystery Harem Pants,1,MYST-HAR-M,gid://shopify/Product/6667793727587,Pants,gid://shopify/ProductVariant/41829911494755,MYST-HAR-M,22.22,22.22,22.22,,
#477378,gid://shopify/LineItem/16024258117731,2025-04-17 13:27:30,2025-04-17 13:27:36,Mystic Plum Harem Pants,1,90209-PKT-M,gid://shopify/Product/7669329428579,Pants,gid://shopify/ProductVariant/42906131824739,90209-PKT-M,39.99,39.99,39.99,WELCOME20,7.99
#477379,gid://shopify/LineItem/16024259985507,2025-04-17 13:28:16,2025-04-17 13:28:24,Midnight Lotus Moon Harem Pants,1,90229-PKT-L,gid://shopify/Product/7748279926883,Pants,gid://shopify/ProductVariant/43220823539811,90229-PKT-L,39.99,39.99,39.99,,
#477380,gid://shopify/LineItem/16024276729955,2025-04-17 13:31:29,2025-04-17 13:31:50,Deep Teal Harem Pants,1,90120-PKT-S,gid://shopify/Product/6873234079843,Pants,gid://shopify/ProductVariant/41621864513635,90120-PKT-S,39.99,39.99,39.99,,
#477381,gid://shopify/LineItem/16024313561187,2025-04-17 13:42:10,2025-04-17 13:42:24,Seaside Spice Nomad Jumpsuit,1,81196C-ADJ-L,gid://shopify/Product/7600332046435,Romper,gid://shopify/ProductVariant/42640212263011,81196C-ADJ-L,46.99,46.99,46.99,sms20,9.39
#477382,gid://shopify/LineItem/16024316477539,2025-04-17 13:43:24,2025-04-17 13:43:32,Mystery Harem Pants,1,MYST-HAR-S,gid://shopify/Product/6667793727587,Pants,gid://shopify/ProductVariant/41829911461987,MYST-HAR-S,22.22,22.22,22.22,,
#477383,gid://shopify/LineItem/16024350064739,2025-04-17 13:51:58,2025-04-17 13:52:06,Denim Blue Tribal Shorts,1,93240,gid://shopify/Product/7729890984035,Shorts,gid://shopify/ProductVariant/43161175654499,93240,32.0,32.0,32.0,937G2TR9,4.78
#477383,gid://shopify/LineItem/16024350097507,2025-04-17 13:51:58,2025-04-17 13:52:06,Storm Cotton Shorts,1,93217CSM,gid://shopify/Product/7729835311203,Shorts,gid://shopify/ProductVariant/43161035407459,93217CSM,34.99,34.99,34.99,937G2TR9,5.22
#477384,gid://shopify/LineItem/16024350883939,2025-04-17 13:52:30,2025-04-17 14:55:01,Nutmeg Boyfriend Button Up,1,85158C1-M,gid://shopify/Product/7275818418275,Tops,gid://shopify/ProductVariant/41565993336931,85158C1-M,29.99,29.99,29.99,WELCOME20,5.99
#477384,gid://shopify/LineItem/16024350916707,2025-04-17 13:52:30,2025-04-17 14:55:01,Pampa Point Drawstring Shorts,1,83139-M,gid://shopify/Product/7160095047779,Shorts,gid://shopify/ProductVariant/41217823211619,83139-M,16.5,16.5,16.5,WELCOME20,3.3
#477384,gid://shopify/LineItem/16024350949475,2025-04-17 13:52:30,2025-04-17 14:55:01,Malibu Drawstring Shorts,1,83175-M,gid://shopify/Product/7219139084387,Shorts,gid://shopify/ProductVariant/41388303319139,83175-M,16.5,16.5,16.5,WELCOME20,3.3
#477384,gid://shopify/LineItem/16024350982243,2025-04-17 13:52:30,2025-04-17 14:55:01,Oxford Drawstring Shorts,1,83155-M,gid://shopify/Product/7214208974947,Shorts,gid://shopify/ProductVariant/41372168519779,83155-M,19.99,19.99,19.99,WELCOME20,3.99
#477384,gid://shopify/LineItem/16024351015011,2025-04-17 13:52:30,2025-04-17 14:55:01,Nutmeg Boardwalk Romper,1,96158C-ADJ-L,gid://shopify/Product/7603873874019,Romper,gid://shopify/ProductVariant/42651366686819,96158C-ADJ-L,34.99,34.99,34.99,WELCOME20,6.99
#477385,gid://shopify/LineItem/16024358518883,2025-04-17 13:54:32,2025-04-17 13:54:54,Vintage Wash Bondi Harem Pants,1,90172-PKT-S,gid://shopify/Product/7035440693347,Pants,gid://shopify/ProductVariant/41427629375587,90172-PKT-S,39.99,39.99,39.99,WELCOME20,7.99
#477386,gid://shopify/LineItem/16024381784163,2025-04-17 14:05:22,2025-04-17 14:05:35,Lahu Tribal Print Harem Pants,1,90179-PKT-L,gid://shopify/Product/7214157791331,Pants,gid://shopify/ProductVariant/41372056060003,90179-PKT-L,39.99,39.99,39.99,,
#477386,gid://shopify/LineItem/16024381816931,2025-04-17 14:05:22,2025-04-17 14:05:35,Black Harem Pants,1,90105-PKT-L,gid://shopify/Product/6799865839715,Pants,gid://shopify/ProductVariant/41633977860195,90105-PKT-L,39.99,39.99,39.99,,
#477387,gid://shopify/LineItem/16024398790755,2025-04-17 14:12:35,2025-04-17 14:12:44,Mystery Harem Pants,1,MYST-HAR-XL,gid://shopify/Product/6667793727587,Pants,gid://shopify/ProductVariant/42786175877219,MYST-HAR-XL,22.22,22.22,22.22,sunnygirl20,4.45
#477388,gid://shopify/LineItem/16024445485155,2025-04-17 14:32:25,2025-04-17 14:34:28,Master Healer 3mm Healing Necklace,1,3HLN006,gid://shopify/Product/7621375754339,Necklace,gid://shopify/ProductVariant/42717099360355,3HLN006,36.99,36.99,36.99,,
#477389,gid://shopify/LineItem/16024452104291,2025-04-17 14:37:09,2025-04-17 14:37:21,Twilight Tribal Lounge Set,1,ASETS-90241-PKT-M-51241-02,gid://shopify/Product/7715687694435,Lounge Set,gid://shopify/ProductVariant/43085483802723,ASETS-90241-PKT-M-51241-02,79.99,79.99,79.99,SMS25,19.99
#477390,gid://shopify/LineItem/16024453349475,2025-04-17 14:37:51,2025-04-17 14:37:59,Black Boyfriend Button Up,1,85105C1-M,gid://shopify/Product/6898267291747,Tops,gid://shopify/ProductVariant/40288912932963,85105C1-M,24.99,24.99,24.99,WELCOME20,4.99
#477390,gid://shopify/LineItem/16024453382243,2025-04-17 14:37:51,2025-04-17 14:37:59,Corfu Shorts,1,93086,gid://shopify/Product/6535934083171,Shorts,gid://shopify/ProductVariant/39792320315491,93086,29.99,29.99,29.99,WELCOME20,5.99
#477390,gid://shopify/LineItem/16024453415011,2025-04-17 14:37:51,2025-04-17 14:37:59,Rainforest Harem Pants,1,90188-PKT-M,gid://shopify/Product/7604687765603,Pants,gid://shopify/ProductVariant/42654009557091,90188-PKT-M,39.99,39.99,39.99,WELCOME20,7.99
#477390,gid://shopify/LineItem/16024453447779,2025-04-17 14:37:51,2025-04-17 14:37:59,Mystery Harem Pants,1,MYST-HAR-M,gid://shopify/Product/6667793727587,Pants,gid://shopify/ProductVariant/41829911494755,MYST-HAR-M,22.22,22.22,22.22,,
#477391,gid://shopify/LineItem/16024453742691,2025-04-17 14:38:36,2025-04-17 14:38:56,Como Harem Pants,1,90116-PKT-PET-L,gid://shopify/Product/7576418254947,Pants,gid://shopify/ProductVariant/42558396563555,90116-PKT-PET-L,39.99,39.99,39.99,,
#477392,gid://shopify/LineItem/16024464097379,2025-04-17 14:43:28,2025-04-17 14:43:35,Master Manifestor 2mm Layered Healing Bracelet,1,2HLB001,gid://shopify/Product/7600331292771,Bracelet,gid://shopify/ProductVariant/42640210559075,2HLB001,29.99,29.99,29.99,,
#477392,gid://shopify/LineItem/16024464130147,2025-04-17 14:43:28,2025-04-17 14:43:35,Inner Peace 2mm Metal Accent Healing Bracelet,1,2HLB020,gid://shopify/Product/7755220353123,Bracelet,gid://shopify/ProductVariant/43247802941539,2HLB020,27.99,27.99,27.99,,
#477393,gid://shopify/LineItem/16024470159459,2025-04-17 14:47:02,2025-04-17 14:47:09,Mystery Harem Pants,1,MYST-HAR-M,gid://shopify/Product/6667793727587,Pants,gid://shopify/ProductVariant/41829911494755,MYST-HAR-M,22.22,22.22,22.22,,
#477394,gid://shopify/LineItem/16024470978659,2025-04-17 14:47:29,2025-04-17 14:48:14,Casablanca Harem Pants,1,90182-PKT-XL,gid://shopify/Product/7531819303011,Pants,gid://shopify/ProductVariant/42421444477027,90182-PKT-XL,39.99,39.99,39.99,WELCOME20,7.99
#477394,gid://shopify/LineItem/16024471011427,2025-04-17 14:47:29,2025-04-17 14:48:14,Black Harem Pants,1,90105-PKT-XL,gid://shopify/Product/6799865839715,Pants,gid://shopify/ProductVariant/41633977892963,90105-PKT-XL,39.99,39.99,39.99,WELCOME20,7.99
#477395,gid://shopify/LineItem/16024484315235,2025-04-17 14:50:57,2025-04-17 14:51:13,Sage Daiquiri Dress,1,61147C-S,gid://shopify/Product/7157937733731,Dress,gid://shopify/ProductVariant/41208827936867,61147C-S,54.99,54.99,54.99,,
#477395,gid://shopify/LineItem/16024484348003,2025-04-17 14:50:57,2025-04-17 14:51:13,Cream Daiquiri Dress,1,61119C-S,gid://shopify/Product/7183662088291,Dress,gid://shopify/ProductVariant/41296737271907,61119C-S,54.99,54.99,54.99,,
#477396,gid://shopify/LineItem/16024490147939,2025-04-17 14:52:26,2025-04-17 14:52:35,Sahara Harem Pants,1,90112-PKT-M,gid://shopify/Product/6695196950627,Pants,gid://shopify/ProductVariant/40240619421795,90112-PKT-M,39.99,39.99,39.99,,
#477396,gid://shopify/LineItem/16024490180707,2025-04-17 14:52:26,2025-04-17 14:52:35,Sage Baja Pullover + Shorts Set,1,ASETS-88147C-M-93147C-SM-02,gid://shopify/Product/7126160080995,Lounge Set,gid://shopify/ProductVariant/41082854703203,ASETS-88147C-M-93147C-SM-02,84.99,84.99,84.99,,
#477396,gid://shopify/LineItem/16024490213475,2025-04-17 14:52:26,2025-04-17 14:52:35,Navy Blue Full Length Yin Scoop Neck Top,1,58193CL-L,gid://shopify/Product/7670310568035,Tops,gid://shopify/ProductVariant/42911269159011,58193CL-L,27.99,27.99,27.99,,
#477397,gid://shopify/LineItem/16024496603235,2025-04-17 14:53:51,2025-04-17 14:54:08,Master Healer Dewdrop + Circles in the Sand Necklace Stack,1,NST-DDN26-GCN12-NKL48-03,gid://shopify/Product/6799882584163,Necklace Stack,gid://shopify/ProductVariant/40206917206115,NST-DDN26-GCN12-NKL48-03,83.99,83.99,83.99,sms20,16.79
#477398,gid://shopify/LineItem/16024500109411,2025-04-17 14:55:28,2025-04-17 14:57:17,Mystery Harem Pants,3,MYST-HAR-L,gid://shopify/Product/6667793727587,Pants,gid://shopify/ProductVariant/41829911527523,MYST-HAR-L,22.22,66.66,66.66,,
#477399,gid://shopify/LineItem/16024524226659,2025-04-17 15:04:45,2025-04-17 16:05:00,Aguadilla Harem Pants,1,90130-PKT-L,gid://shopify/Product/7566054457443,Pants,gid://shopify/ProductVariant/42518558015587,90130-PKT-L,35.99,35.99,35.99,WELCOME20,7.19
#477400,gid://shopify/LineItem/16024527306851,2025-04-17 15:06:53,2025-04-17 15:07:04,Dusty Rose Lotus Moon Harem Pants,1,90242-PKT-M,gid://shopify/Product/7748714659939,Pants,gid://shopify/ProductVariant/43223142105187,90242-PKT-M,39.99,39.99,39.99,,
#477401,gid://shopify/LineItem/16024535203939,2025-04-17 15:09:45,2025-04-17 15:09:56,Black Harem Pants,1,90105-PKT-PET-S,gid://shopify/Product/6799865839715,Pants,gid://shopify/ProductVariant/39966119362659,90105-PKT-PET-S,39.99,39.99,39.99,,
#477401,gid://shopify/LineItem/16024535236707,2025-04-17 15:09:45,2025-04-17 15:09:56,Madeira Harem Pants,1,90227-PKT-PET-S,gid://shopify/Product/7715654697059,Pants,gid://shopify/ProductVariant/43085313441891,90227-PKT-PET-S,39.99,39.99,39.99,,
#477402,gid://shopify/LineItem/16024539594851,2025-04-17 15:10:46,2025-04-17 15:10:53,Mystery Harem Pants,1,MYST-HAR-M,gid://shopify/Product/6667793727587,Pants,gid://shopify/ProductVariant/41829911494755,MYST-HAR-M,22.22,22.22,22.22,,
#477402,gid://shopify/LineItem/16024539627619,2025-04-17 15:10:46,2025-04-17 15:10:53,Celestial Grey Harem Pants,1,90210-PKT-M,gid://shopify/Product/7669330739299,Pants,gid://shopify/ProductVariant/42906145456227,90210-PKT-M,39.99,39.99,39.99,sms20,7.99
#477403,gid://shopify/LineItem/16024547098723,2025-04-17 15:13:56,2025-04-17 15:14:03,Akha Tribal Print Wide Leg Drawstring Pants,1,98178-XL,gid://shopify/Product/7275831951459,Pants,gid://shopify/ProductVariant/41566030364771,98178-XL,44.99,44.99,44.99,sms20,8.99
#477404,gid://shopify/LineItem/16024547459171,2025-04-17 15:14:15,2025-04-17 15:19:38,Master Healer 4mm Healing Necklace,1,21048,gid://shopify/Product/4704192397411,Necklace,gid://shopify/ProductVariant/40267192795235,21048,32.99,34.95,34.95,RIHW0FAQ,10.25
#477405,gid://shopify/LineItem/16024573280355,2025-04-17 15:19:37,2025-04-17 16:20:03,Cream Wide Leg Cotton Pants,1,91119C-M,gid://shopify/Product/6795336351843,Pants,gid://shopify/ProductVariant/41164354453603,91119C-M,54.99,54.99,54.99,,
#477405,gid://shopify/LineItem/16024573313123,2025-04-17 15:19:37,2025-04-17 16:20:03,Black Wide Leg Cotton Pants,1,91105C-M,gid://shopify/Product/6695201505379,Pants,gid://shopify/ProductVariant/40240536846435,91105C-M,54.99,54.99,54.99,,
#477406,gid://shopify/LineItem/16024574263395,2025-04-17 15:19:56,2025-04-17 15:20:39,Bondi Harem Pants,1,90056-PKT-M,gid://shopify/Product/4446389764195,Pants,gid://shopify/ProductVariant/41634025799779,90056-PKT-M,39.99,39.99,39.99,WELCOME20,7.99
#477406,gid://shopify/LineItem/16024574296163,2025-04-17 15:19:56,2025-04-17 15:20:39,Santa Barbara Island Harem Pants,1,90053-PKT-M,gid://shopify/Product/7617757708387,Pants,gid://shopify/ProductVariant/42705795842147,90053-PKT-M,32.99,32.99,32.99,WELCOME20,6.59
#477406,gid://shopify/LineItem/16024575574115,2025-04-17 15:19:56,2025-04-17 15:20:39,Mystery Harem Pants,1,MYST-HAR-M,gid://shopify/Product/6667793727587,Pants,gid://shopify/ProductVariant/41829911494755,MYST-HAR-M,22.22,22.22,22.22,,
#477407,gid://shopify/LineItem/16024600117347,2025-04-17 15:28:17,2025-04-17 15:30:14,Baja Harem Pants,1,90104-PKT-TAL-S,gid://shopify/Product/6633433694307,Pants,gid://shopify/ProductVariant/41621820833891,90104-PKT-TAL-S,39.99,39.99,39.99,,
#477407,gid://shopify/LineItem/16024600150115,2025-04-17 15:28:17,2025-04-17 15:30:14,Black Harem Pants,1,90105-PKT-TAL-S,gid://shopify/Product/6799865839715,Pants,gid://shopify/ProductVariant/41633977925731,90105-PKT-TAL-S,39.99,39.99,39.99,,
#477408,gid://shopify/LineItem/16024611291235,2025-04-17 15:31:38,2025-04-17 15:31:54,Amazonite Harem Pants,1,90205-PKT-S,gid://shopify/Product/7604685242467,Pants,gid://shopify/ProductVariant/42653997891683,90205-PKT-S,29.99,29.99,29.99,,
#477408,gid://shopify/LineItem/16024611324003,2025-04-17 15:31:38,2025-04-17 15:31:54,Playa Mia Harem Pants,1,90197-PKT-S,gid://shopify/Product/7688869675107,Pants,gid://shopify/ProductVariant/42983682670691,90197-PKT-S,32.99,32.99,32.99,,
#477408,gid://shopify/LineItem/16024611356771,2025-04-17 15:31:38,2025-04-17 15:31:54,Tobago Harem Pants,1,90202-PKT-S,gid://shopify/Product/7688871313507,Pants,gid://shopify/ProductVariant/42983714619491,90202-PKT-S,35.99,35.99,35.99,,
#477408,gid://shopify/LineItem/16024611389539,2025-04-17 15:31:38,2025-04-17 15:31:54,Sage Baja Pullover,1,88147C-S,gid://shopify/Product/7061571371107,Tops,gid://shopify/ProductVariant/40906330079331,88147C-S,49.99,49.99,49.99,,
#477409,gid://shopify/LineItem/16024612962403,2025-04-17 15:32:29,2025-04-17 15:32:38,Mystery Harem Pants,1,MYST-HAR-L,gid://shopify/Product/6667793727587,Pants,gid://shopify/ProductVariant/41829911527523,MYST-HAR-L,22.22,22.22,22.22,sunnygirl20,4.45
#477410,gid://shopify/LineItem/16024617189475,2025-04-17 15:33:14,2025-04-17 16:35:02,Bright Coral Cotton Cabana Shorts,1,83159C-L,gid://shopify/Product/7729831247971,Shorts,gid://shopify/ProductVariant/43161019711587,83159C-L,34.99,34.99,34.99,sunnygirl20,7.0
#477410,gid://shopify/LineItem/16024617222243,2025-04-17 15:33:14,2025-04-17 16:35:02,Black Harem Pants,1,90105-PKT-L,gid://shopify/Product/6799865839715,Pants,gid://shopify/ProductVariant/41633977860195,90105-PKT-L,39.99,39.99,39.99,sunnygirl20,8.0
#477411,gid://shopify/LineItem/16024623054947,2025-04-17 15:35:34,2025-04-17 15:35:49,Master Healer 4mm Healing Necklace,1,21048,gid://shopify/Product/4704192397411,Necklace,gid://shopify/ProductVariant/40267192795235,21048,32.99,32.99,32.99,WELCOME20,6.59
#477412,gid://shopify/LineItem/16024652742755,2025-04-17 15:46:26,2025-04-17 15:46:35,Master Healer 2mm Layered Healing Bracelet,1,42001,gid://shopify/Product/6903339384931,Bracelet,gid://shopify/ProductVariant/40311143268451,42001,29.99,29.99,29.99,6YB8LQS6,2.5
#477412,gid://shopify/LineItem/16024652775523,2025-04-17 15:46:26,2025-04-17 15:46:35,2mm + 4mm Master Healer Necklace Stack,1,BUN-23001-21073-11012-03,gid://shopify/Product/7047930019939,Necklace Stack,gid://shopify/ProductVariant/40874289922147,BUN-23001-21073-11012-03,89.99,89.99,89.99,6YB8LQS6,7.5
#477413,gid://shopify/LineItem/16024687738979,2025-04-17 15:54:10,2025-04-17 15:54:16,Master Healer 2mm Metal Accent Healing Necklace,1,23001,gid://shopify/Product/6900513046627,Necklace,gid://shopify/ProductVariant/40300103139427,23001,39.99,39.99,39.99,,
#477414,gid://shopify/LineItem/16024710119523,2025-04-17 16:00:42,2025-04-17 16:00:53,Akha Tribal Print Lounge Set,1,ASETS-50178-90178-PKT-XL-02,gid://shopify/Product/7670329540707,Lounge Set,gid://shopify/ProductVariant/42911638519907,ASETS-50178-90178-PKT-XL-02,79.99,79.99,79.99,,
#477414,gid://shopify/LineItem/16024710152291,2025-04-17 16:00:42,2025-04-17 16:00:53,Bondi Harem Pants,1,90056-PKT-XL,gid://shopify/Product/4446389764195,Pants,gid://shopify/ProductVariant/41634025898083,90056-PKT-XL,39.99,39.99,39.99,,
#477415,gid://shopify/LineItem/16024729288803,2025-04-17 16:06:03,2025-04-17 16:06:12,Divine Healer 2mm Metal Accent Healing Necklace,1,230HLN-F23-05,gid://shopify/Product/7024918397027,Necklace,gid://shopify/ProductVariant/40774255837283,230HLN-F23-05,39.99,39.99,39.99,sunnygirl20,8.01
#477415,gid://shopify/LineItem/16024729321571,2025-04-17 16:06:03,2025-04-17 16:06:12,Divine Healer Healing 4mm Necklace,1,21076,gid://shopify/Product/6945825161315,Necklace,gid://shopify/ProductVariant/41457651515491,21076,32.99,32.99,32.99,sunnygirl20,6.59
#477416,gid://shopify/LineItem/16024747081827,2025-04-17 16:11:48,2025-04-17 16:12:04,Master Healer 2mm Metal Accent Healing Necklace,1,23001,gid://shopify/Product/6900513046627,Necklace,gid://shopify/ProductVariant/40300103139427,23001,39.99,39.99,39.99,WELCOME20,7.99
#477416,gid://shopify/LineItem/16024747114595,2025-04-17 16:11:48,2025-04-17 16:12:04,Como Harem Pants,1,90116-PKT-TAL-M,gid://shopify/Product/7576418254947,Pants,gid://shopify/ProductVariant/42558396760163,90116-PKT-TAL-M,39.99,39.99,39.99,WELCOME20,7.99
#477417,gid://shopify/LineItem/16024765595747,2025-04-17 16:19:05,2025-04-17 16:19:13,Master Healer 4mm Healing Necklace,1,21073,gid://shopify/Product/4704192397411,Necklace,gid://shopify/ProductVariant/40328087470179,21073,32.99,32.99,32.99,IE7R2F6J,10.0
#477418,gid://shopify/LineItem/16024775032931,2025-04-17 16:22:30,2025-04-17 16:23:08,Deep Teal Harem Pants,1,90120-PKT-PET-M,gid://shopify/Product/6873234079843,Pants,gid://shopify/ProductVariant/40191998885987,90120-PKT-PET-M,39.99,39.99,39.99,,
#477418,gid://shopify/LineItem/16024775065699,2025-04-17 16:22:30,2025-04-17 16:23:08,Mystery Healing Bracelet,1,MYST-HLG-BRA,gid://shopify/Product/6704969711715,Bracelet,gid://shopify/ProductVariant/40267192959075,MYST-HLG-BRA,11.11,11.11,11.11,,
#477418,gid://shopify/LineItem/16024775098467,2025-04-17 16:22:30,2025-04-17 16:23:08,Tropic Teal Harem Pants,1,90200-PKT-PET-M,gid://shopify/Product/7726190788707,Pants,gid://shopify/ProductVariant/43135033671779,90200-PKT-PET-M,39.99,39.99,39.99,,
#477418,gid://shopify/LineItem/16024776343651,2025-04-17 16:22:30,2025-04-17 16:23:08,Mystery Harem Pants,1,MYST-HAR-PET-S,gid://shopify/Product/6667793727587,Pants,gid://shopify/ProductVariant/42786175909987,MYST-HAR-PET-S,22.22,22.22,22.22,,
#477419,gid://shopify/LineItem/16024777228387,2025-04-17 16:23:18,2025-04-17 16:25:07,Moon Shadow Harem Pants,1,90165-PKT-S,gid://shopify/Product/7075020406883,Pants,gid://shopify/ProductVariant/41427587629155,90165-PKT-S,39.99,39.99,39.99,,
#477419,gid://shopify/LineItem/16024777261155,2025-04-17 16:23:18,2025-04-17 16:25:07,Cosmic Teal Harem Pants,1,90203-PKT-L,gid://shopify/Product/7669327167587,Pants,gid://shopify/ProductVariant/42906113933411,90203-PKT-L,39.99,39.99,39.99,,
#477420,gid://shopify/LineItem/16024778080355,2025-04-17 16:23:47,2025-04-17 16:25:25,Mystic Plum Harem Pants,1,90209-PKT-PET-S,gid://shopify/Product/7669329428579,Pants,gid://shopify/ProductVariant/42906131693667,90209-PKT-PET-S,39.99,39.99,39.99,,
#477421,gid://shopify/LineItem/16024787615843,2025-04-17 16:26:12,2025-04-17 16:26:36,Cream Wide Leg Cotton Pants,1,91119C-M,gid://shopify/Product/6795336351843,Pants,gid://shopify/ProductVariant/41164354453603,91119C-M,54.99,54.99,54.99,sunnygirl20,11.0
#477421,gid://shopify/LineItem/16024787648611,2025-04-17 16:26:12,2025-04-17 16:26:36,Black Wide Leg Cotton Pants,1,91105C-M,gid://shopify/Product/6695201505379,Pants,gid://shopify/ProductVariant/40240536846435,91105C-M,54.99,54.99,54.99,sunnygirl20,11.0
#477421,gid://shopify/LineItem/16024787681379,2025-04-17 16:26:12,2025-04-17 16:26:36,Stone Wide Leg Cotton Pants,1,91125C-M,gid://shopify/Product/6830778253411,Pants,gid://shopify/ProductVariant/43121592172643,91125C-M,54.99,54.99,54.99,sunnygirl20,11.0
#477422,gid://shopify/LineItem/16024799477859,2025-04-17 16:31:40,2025-04-17 16:31:50,Black Harem Pants,1,90105-PKT-PET-L,gid://shopify/Product/6799865839715,Pants,gid://shopify/ProductVariant/40386057142371,90105-PKT-PET-L,39.99,39.99,39.99,WELCOME20,7.99
#477422,gid://shopify/LineItem/16024799510627,2025-04-17 16:31:40,2025-04-17 16:31:50,Dark Forest Harem Pants,1,90233-PKT-PET-L,gid://shopify/Product/7726191607907,Pants,gid://shopify/ProductVariant/43135038849123,90233-PKT-PET-L,39.99,39.99,39.99,WELCOME20,7.99
#477423,gid://shopify/LineItem/16024808292451,2025-04-17 16:35:49,2025-04-17 16:36:03,Black Harem Pants,1,90105-PKT-L,gid://shopify/Product/6799865839715,Pants,gid://shopify/ProductVariant/41633977860195,90105-PKT-L,39.99,39.99,39.99,,
#477423,gid://shopify/LineItem/16024808325219,2025-04-17 16:35:49,2025-04-17 16:36:03,Azores Harem Pants,1,90234-PKT-XL,gid://shopify/Product/7729864540259,Pants,gid://shopify/ProductVariant/43161100320867,90234-PKT-XL,39.99,39.99,39.99,,
#477423,gid://shopify/LineItem/16024808357987,2025-04-17 16:35:49,2025-04-17 16:36:03,Montauk Harem Pants,1,90214-PKT-Xl,gid://shopify/Product/7715654631523,Pants,gid://shopify/ProductVariant/43085313179747,90214-PKT-Xl,39.99,39.99,39.99,,
#477423,gid://shopify/LineItem/16024808390755,2025-04-17 16:35:49,2025-04-17 16:36:03,Black Daydreamer Top,1,52105,gid://shopify/Product/7157888581731,Tops,gid://shopify/ProductVariant/41208639815779,52105,36.99,36.99,36.99,,
#477423,gid://shopify/LineItem/16024808423523,2025-04-17 16:35:49,2025-04-17 16:36:03,Canggu Daydreamer Top,1,52131,gid://shopify/Product/7157899100259,Tops,gid://shopify/ProductVariant/41208685789283,52131,36.99,36.99,36.99,,
#477424,gid://shopify/LineItem/16024812486755,2025-04-17 16:37:28,2025-04-17 16:37:48,Sage Saltwater Shrug,1,53147C,gid://shopify/Product/7296017563747,Tops,gid://shopify/ProductVariant/41622671425635,53147C,21.5,21.5,21.5,,
#477424,gid://shopify/LineItem/16024812519523,2025-04-17 16:37:28,2025-04-17 16:37:48,Seaside Spice Nomad Jumpsuit,1,81196C-ADJ-PET-M,gid://shopify/Product/7600332046435,Romper,gid://shopify/ProductVariant/42640212131939,81196C-ADJ-PET-M,46.99,46.99,46.99,,
#477425,gid://shopify/LineItem/16024839815267,2025-04-17 16:49:58,2025-04-17 16:51:56,Sahara Harem Pants,1,90112-PKT-XL,gid://shopify/Product/6695196950627,Pants,gid://shopify/ProductVariant/40240619487331,90112-PKT-XL,39.99,39.99,39.99,,
#477426,gid://shopify/LineItem/16024853774435,2025-04-17 16:55:08,2025-04-17 16:55:18,Rainforest Harem Pants,1,90188-PKT-PET-S,gid://shopify/Product/7604687765603,Pants,gid://shopify/ProductVariant/42654009426019,90188-PKT-PET-S,39.99,39.99,39.99,WELCOME20,7.99
#477426,gid://shopify/LineItem/16024853807203,2025-04-17 16:55:08,2025-04-17 16:55:18,Capri Harem Pants,1,90211-PKT-PET-S,gid://shopify/Product/7729866965091,Pants,gid://shopify/ProductVariant/43161104613475,90211-PKT-PET-S,39.99,39.99,39.99,WELCOME20,7.99
#477426,gid://shopify/LineItem/16024853839971,2025-04-17 16:55:08,2025-04-17 16:55:18,Seven Chakras Harem Pants,1,90206-PKT-PET-S,gid://shopify/Product/7670619308131,Pants,gid://shopify/ProductVariant/42913490665571,90206-PKT-PET-S,39.99,39.99,39.99,WELCOME20,7.99
#477426,gid://shopify/LineItem/16024853872739,2025-04-17 16:55:08,2025-04-17 16:55:18,Mystic Plum Harem Pants,1,90209-PKT-PET-S,gid://shopify/Product/7669329428579,Pants,gid://shopify/ProductVariant/42906131693667,90209-PKT-PET-S,39.99,39.99,39.99,WELCOME20,7.99
#477426,gid://shopify/LineItem/16024853905507,2025-04-17 16:55:08,2025-04-17 16:55:18,Dusty Rose Lotus Moon Harem Pants,1,90242-PKT-PET-S,gid://shopify/Product/7748714659939,Pants,gid://shopify/ProductVariant/43223141974115,90242-PKT-PET-S,39.99,39.99,39.99,WELCOME20,7.99
#477427,gid://shopify/LineItem/16024855347299,2025-04-17 16:55:46,2025-04-17 16:55:55,Moon Shadow Harem Pants,1,90165-PKT-M,gid://shopify/Product/7075020406883,Pants,gid://shopify/ProductVariant/41427587661923,90165-PKT-M,39.99,39.99,39.99,OKRC-3QJLE-G5M7,10.0
#477427,gid://shopify/LineItem/16024855380067,2025-04-17 16:55:46,2025-04-17 16:55:55,Cosmic Teal Harem Pants,1,90203-PKT-M,gid://shopify/Product/7669327167587,Pants,gid://shopify/ProductVariant/42906113900643,90203-PKT-M,39.99,39.99,39.99,OKRC-3QJLE-G5M7,10.0
#477427,gid://shopify/LineItem/16024855412835,2025-04-17 16:55:46,2025-04-17 16:55:55,Baja Harem Pants,1,90104-PKT-M,gid://shopify/Product/6633433694307,Pants,gid://shopify/ProductVariant/40628288847971,90104-PKT-M,39.99,39.99,39.99,OKRC-3QJLE-G5M7,10.0
#477427,gid://shopify/LineItem/16024855445603,2025-04-17 16:55:46,2025-04-17 16:55:55,Black Harem Pants,1,90105-PKT-M,gid://shopify/Product/6799865839715,Pants,gid://shopify/ProductVariant/41633977827427,90105-PKT-M,39.99,39.99,39.99,OKRC-3QJLE-G5M7,9.99
#477428,gid://shopify/LineItem/16024855478371,2025-04-17 16:55:48,2025-04-17 16:55:57,Aurora Lounge Set,1,ASETS-90212-PKT-S-50212-02,gid://shopify/Product/7711595364451,Lounge Set,gid://shopify/ProductVariant/43073106444387,ASETS-90212-PKT-S-50212-02,79.99,79.99,79.99,,
#477429,gid://shopify/LineItem/16024892866659,2025-04-17 17:03:08,2025-04-17 17:03:17,Self Love 4mm Healing Necklace,1,21049,gid://shopify/Product/4705724268643,Necklace,gid://shopify/ProductVariant/41457727832163,21049,34.0,34.0,34.0,,
#477429,gid://shopify/LineItem/16024892899427,2025-04-17 17:03:08,2025-04-17 17:03:17,Master Healer 2mm Metal Accent Healing Anklet,2,10498,gid://shopify/Product/6921115992163,Anklet,gid://shopify/ProductVariant/40371755941987,10498,30.0,60.0,60.0,,
#477429,gid://shopify/LineItem/16024892932195,2025-04-17 17:03:08,2025-04-17 17:03:17,Master Healer 4mm Healing Necklace,1,21048,gid://shopify/Product/4704192397411,Necklace,gid://shopify/ProductVariant/40267192795235,21048,32.99,32.99,32.99,,
#477430,gid://shopify/LineItem/16024937726051,2025-04-17 17:17:57,2025-04-17 17:18:06,Enlightenment + Wisdom Healing 2mm Anklet,1,104HLA-S24-01,gid://shopify/Product/7212728156259,Anklet,gid://shopify/ProductVariant/41365538308195,104HLA-S24-01,30.0,30.0,30.0,,
#477431,gid://shopify/LineItem/16024940445795,2025-04-17 17:19:21,2025-04-17 17:19:34,Oxford Wide Leg Cotton Pants,1,91155C-S,gid://shopify/Product/7729862934627,Pants,gid://shopify/ProductVariant/43161097142371,91155C-S,54.99,54.99,54.99,,
#477432,gid://shopify/LineItem/16024944771171,2025-04-17 17:20:56,2025-04-17 17:21:03,Divine Healer Healing 4mm Necklace,1,21076,gid://shopify/Product/6945825161315,Necklace,gid://shopify/ProductVariant/41457651515491,21076,32.99,32.99,32.99,,
#477433,gid://shopify/LineItem/16024946114659,2025-04-17 17:21:55,2025-04-17 17:22:09,Pampa Point Harem Pants,1,90139-PKT-L,gid://shopify/Product/7566058782819,Pants,gid://shopify/ProductVariant/42518567649379,90139-PKT-L,36.99,36.99,36.99,,
#477434,gid://shopify/LineItem/16024953061475,2025-04-17 17:24:54,2025-04-17 17:26:45,Mystic Plum Lounge Set,1,ASETS-90209-PKT-PET-L-50209-02,gid://shopify/Product/7724898517091,Lounge Set,gid://shopify/ProductVariant/43126115598435,ASETS-90209-PKT-PET-L-50209-02,79.99,79.99,79.99,,
#477435,gid://shopify/LineItem/16024968331363,2025-04-17 17:30:38,2025-04-17 17:30:46,Granite Wide Leg Cotton Pants,1,91128C-S,gid://shopify/Product/6877764092003,Pants,gid://shopify/ProductVariant/40210086166627,91128C-S,54.99,54.99,54.99,,
#477435,gid://shopify/LineItem/16024968364131,2025-04-17 17:30:38,2025-04-17 17:30:46,White Wide Leg Beach Cotton Pants,1,91106C-S,gid://shopify/Product/6695215038563,Pants,gid://shopify/ProductVariant/40240562962531,91106C-S,54.99,54.99,54.99,,
#477436,gid://shopify/LineItem/16024970100835,2025-04-17 17:31:34,2025-04-17 17:31:43,Desert Bloom Harem Pants,1,90232-PKT-M,gid://shopify/Product/7715654664291,Pants,gid://shopify/ProductVariant/43085313343587,90232-PKT-M,39.99,39.99,39.99,,
#477436,gid://shopify/LineItem/16024970133603,2025-04-17 17:31:34,2025-04-17 17:31:43,Mystic Plum Harem Pants,1,90209-PKT-M,gid://shopify/Product/7669329428579,Pants,gid://shopify/ProductVariant/42906131824739,90209-PKT-M,39.99,39.99,39.99,,
